method,seed,epoch,threshold,worst_group_acc,avg_acc
badd,0,40,0,0.0,0.7679730854441407
badd,0,40,5,0.0666666666666666,0.7652972727470325
badd,0,40,10,0.0666666666666666,0.7701886047715258
badd,0,40,15,0.3066666666666666,0.7664281948544478
badd,0,40,20,0.3066666666666666,0.7615926171024272
badd,0,40,25,0.3066666666666666,0.7572850019465324
badd,0,40,30,0.3066666666666666,0.7725827350522881
badd,0,40,35,0.3066666666666666,0.7497238386568159
badd,0,40,40,0.4666666666666667,0.7595121957350217
badd,0,40,45,0.5151515151515151,0.8255059755059755
badd,1,40,0,0.0,0.777240532677094
badd,1,40,5,0.0,0.7741039834921042
badd,1,40,10,0.1333333333333333,0.7832573542381799
badd,1,40,15,0.2063492063492063,0.7772329369927221
badd,1,40,20,0.2063492063492063,0.7727739421663332
badd,1,40,25,0.2063492063492063,0.7635792810654068
badd,1,40,30,0.28,0.7866717786908689
badd,1,40,35,0.28,0.7689529238000352
badd,1,40,40,0.5,0.7925236196975328
badd,1,40,45,0.5050505050505051,0.8612022237022237
badd,2,40,0,0.0,0.7579436053277407
badd,2,40,5,0.0,0.7599424446854607
badd,2,40,10,0.0666666666666666,0.7743895460711353
badd,2,40,15,0.3055555555555556,0.7636753668821339
badd,2,40,20,0.3055555555555556,0.7579424801122915
badd,2,40,25,0.3174603174603174,0.7535283339479409
badd,2,40,30,0.3333333333333333,0.775800367152741
badd,2,40,35,0.3333333333333333,0.7585326154973125
badd,2,40,40,0.4444444444444444,0.7820719447621622
badd,2,40,45,0.4444444444444444,0.8431351056351056
flac,0,40,0,0.0,0.7599485550313273
flac,0,40,5,0.0666666666666666,0.7593488769954951
flac,0,40,10,0.0666666666666666,0.7587406572530314
flac,0,40,15,0.2941176470588235,0.7549517125851499
flac,0,40,20,0.2941176470588235,0.7496469221505521
flac,0,40,25,0.2941176470588235,0.7418349818153802
flac,0,40,30,0.3066666666666666,0.7570788575894531
flac,0,40,35,0.3066666666666666,0.7432428159323752
flac,0,40,40,0.4545454545454545,0.761918560505517
flac,0,40,45,0.4545454545454545,0.7862355237355236
flac,1,40,0,0.0,0.7636031614615774
flac,1,40,5,0.0,0.76180158886248
flac,1,40,10,0.0666666666666666,0.7739501121675788
flac,1,40,15,0.2133333333333333,0.769765791142945
flac,1,40,20,0.2133333333333333,0.7567837438757543
flac,1,40,25,0.2133333333333333,0.745348519335935
flac,1,40,30,0.2133333333333333,0.7623661247505383
flac,1,40,35,0.2133333333333333,0.7463639940153286
flac,1,40,40,0.4343434343434343,0.7787670612398873
flac,1,40,45,0.4343434343434343,0.8415082602582602
flac,2,40,0,0.0,0.7536396902470879
flac,2,40,5,0.0,0.7526939103341654
flac,2,40,10,0.0666666666666666,0.7637540565904007
flac,2,40,15,0.238095238095238,0.7529050478920529
flac,2,40,20,0.238095238095238,0.7452662629316227
flac,2,40,25,0.238095238095238,0.7428661990005969
flac,2,40,30,0.3466666666666667,0.7661984748927169
flac,2,40,35,0.3466666666666667,0.7493346409569398
flac,2,40,40,0.4343434343434343,0.776257248186596
flac,2,40,45,0.4343434343434343,0.8197797572797573
maviasb,0,40,0,0.0,0.7738099017414974
maviasb,0,40,5,0.0,0.7718609076026425
maviasb,0,40,10,0.0,0.7800801065890274
maviasb,0,40,15,0.0666666666666666,0.7733715734613346
maviasb,0,40,20,0.0666666666666666,0.7725617885091519
maviasb,0,40,25,0.0666666666666666,0.763285644290022
maviasb,0,40,30,0.0666666666666666,0.7686530845404611
maviasb,0,40,35,0.0666666666666666,0.7480759985839345
maviasb,0,40,40,0.3833333333333333,0.7829183839509926
maviasb,0,40,45,0.4814814814814814,0.8480857105857107
maviasb,1,40,0,0.0,0.7702973555939543
maviasb,1,40,5,0.0,0.7702580763709129
maviasb,1,40,10,0.16,0.7783937367814847
maviasb,1,40,15,0.16,0.7663356134419634
maviasb,1,40,20,0.16,0.7656667992214266
maviasb,1,40,25,0.16,0.7619436661142246
maviasb,1,40,30,0.16,0.7702846651650086
maviasb,1,40,35,0.16,0.7644832978648985
maviasb,1,40,40,0.3703703703703703,0.7906673580043144
maviasb,1,40,45,0.3703703703703703,0.8573750323750324
maviasb,2,40,0,0.0,0.7614844869464187
maviasb,2,40,5,0.0,0.7631752007002176
maviasb,2,40,10,0.0666666666666666,0.7712052926341201
maviasb,2,40,15,0.1282051282051282,0.7586874691088972
maviasb,2,40,20,0.1851851851851851,0.7590753427181385
maviasb,2,40,25,0.1851851851851851,0.7547808932483111
maviasb,2,40,30,0.1851851851851851,0.7645869830201824
maviasb,2,40,35,0.1851851851851851,0.7540645415408466
maviasb,2,40,40,0.4333333333333333,0.8017629341270647
maviasb,2,40,45,0.4444444444444444,0.8698031135531135
erm,0,40,0,0.0,0.755658809350549
erm,0,40,5,0.0,0.750416324945635
erm,0,40,10,0.2,0.7590209095375344
erm,0,40,15,0.2352941176470588,0.7505560025314226
erm,0,40,20,0.2352941176470588,0.7460015425653782
erm,0,40,25,0.2352941176470588,0.7376906088602982
erm,0,40,30,0.28,0.7572709615318215
erm,0,40,35,0.28,0.7490844837596637
erm,0,40,40,0.4646464646464646,0.7807045299708343
erm,0,40,45,0.4646464646464646,0.8511853886853886
erm,1,40,0,0.0,0.7614831722129631
erm,1,40,5,0.0,0.7619334454486375
erm,1,40,10,0.0666666666666666,0.7727075315911037
erm,1,40,15,0.1733333333333333,0.765964469721609
erm,1,40,20,0.1733333333333333,0.7597324680838735
erm,1,40,25,0.1733333333333333,0.7500369905311484
erm,1,40,30,0.1733333333333333,0.7554970267726022
erm,1,40,35,0.1733333333333333,0.7447074298125524
erm,1,40,40,0.3939393939393939,0.7783079139057401
erm,1,40,45,0.3939393939393939,0.8406003718503718
erm,2,40,0,0.0,0.7656264779343197
erm,2,40,5,0.0,0.7652619221405061
erm,2,40,10,0.1333333333333333,0.7731357408236017
erm,2,40,15,0.2222222222222222,0.7594701312702884
erm,2,40,20,0.2222222222222222,0.7534369112702982
erm,2,40,25,0.2222222222222222,0.7493757447932536
erm,2,40,30,0.2933333333333333,0.7621293253289966
erm,2,40,35,0.2933333333333333,0.7424469969877672
erm,2,40,40,0.4646464646464646,0.7767116377985944
erm,2,40,45,0.4646464646464646,0.8214782902282902
debian,0,40,0,0.0,0.7577304489473252
debian,0,40,5,0.0,0.7536974529075302
debian,0,40,10,0.0666666666666666,0.762452562671413
debian,0,40,15,0.2777777777777778,0.7556374811510985
debian,0,40,20,0.2777777777777778,0.7460725373969808
debian,0,40,25,0.2857142857142857,0.7406012636907217
debian,0,40,30,0.3466666666666667,0.7629140136398692
debian,0,40,35,0.3466666666666667,0.7462344147781187
debian,0,40,40,0.4833333333333333,0.7669282981511241
debian,0,40,45,0.5050505050505051,0.8093834406334406
debian,1,21,0,0.0,0.7674564875349301
debian,1,21,5,0.0,0.7646812954864811
debian,1,21,10,0.0666666666666666,0.7763868788648878
debian,1,21,15,0.1904761904761904,0.7741514234213412
debian,1,21,20,0.1904761904761904,0.7605267860840258
debian,1,21,25,0.1904761904761904,0.756781236184143
debian,1,21,30,0.2533333333333333,0.7790132954919522
debian,1,21,35,0.2533333333333333,0.7601439172646108
debian,1,21,40,0.4343434343434343,0.7850047356025618
debian,1,21,45,0.4343434343434343,0.8370923058423058
debian,2,21,0,0.0,0.763340694957576
debian,2,21,5,0.0,0.7626934170493275
debian,2,21,10,0.2,0.7677361562251457
debian,2,21,15,0.238095238095238,0.7516938927823557
debian,2,21,20,0.238095238095238,0.7449567993267723
debian,2,21,25,0.238095238095238,0.7460656650792308
debian,2,21,30,0.3466666666666667,0.7784731941562316
debian,2,21,35,0.3466666666666667,0.7641834644389814
debian,2,21,40,0.4141414141414141,0.7845985596529076
debian,2,21,45,0.4141414141414141,0.8252266252266253
jtt,0,1,0,0.0,0.7119305251905297
jtt,0,1,5,0.0,0.708795322682946
jtt,0,1,10,0.0,0.7105966782513582
jtt,0,1,15,0.282051282051282,0.7076021890307784
jtt,0,1,20,0.3015873015873015,0.714348330697633
jtt,0,1,25,0.3015873015873015,0.7198323412478407
jtt,0,1,30,0.3518518518518518,0.7362383042429226
jtt,0,1,35,0.3518518518518518,0.7392836806423267
jtt,0,1,40,0.404040404040404,0.749831563364172
jtt,0,1,45,0.404040404040404,0.7611131923631923
jtt,1,1,0,0.0,0.7037244132805534
jtt,1,1,5,0.021505376344086,0.6985744134846674
jtt,1,1,10,0.021505376344086,0.6963216480014157
jtt,1,1,15,0.021505376344086,0.6812607337349049
jtt,1,1,20,0.1666666666666666,0.6946039878120267
jtt,1,1,25,0.2063492063492063,0.7029912953120286
jtt,1,1,30,0.2533333333333333,0.7203742171131472
jtt,1,1,35,0.2533333333333333,0.7255289009122852
jtt,1,1,40,0.3333333333333333,0.7175755062168105
jtt,1,1,45,0.3333333333333333,0.7678108928108929
jtt,2,1,0,0.0,0.711507640576116
jtt,2,1,5,0.1111111111111111,0.7082253700580491
jtt,2,1,10,0.1904761904761904,0.7081566544189605
jtt,2,1,15,0.1904761904761904,0.7062587182913428
jtt,2,1,20,0.1904761904761904,0.6953931294134738
jtt,2,1,25,0.1904761904761904,0.6934043320062495
jtt,2,1,30,0.2929292929292929,0.7113262934903753
jtt,2,1,35,0.3333333333333333,0.7162067353506013
jtt,2,1,40,0.391304347826087,0.7201462235429628
jtt,2,1,45,0.5238095238095238,0.7392013079513079
lff,0,40,0,0.0,0.7338898560367776
lff,0,40,5,0.0,0.7325098951227702
lff,0,40,10,0.0,0.7385225399270666
lff,0,40,15,0.12,0.7330959191750365
lff,0,40,20,0.12,0.724390944627807
lff,0,40,25,0.12,0.7211084113477424
lff,0,40,30,0.12,0.7342208654982277
lff,0,40,35,0.12,0.7162202916217391
lff,0,40,40,0.4646464646464646,0.7554260896108722
lff,0,40,45,0.4646464646464646,0.8108807858807859
lff,1,40,0,0.0,0.7426652839622848
lff,1,40,5,0.0,0.7377220805170666
lff,1,40,10,0.1333333333333333,0.7514935980336853
lff,1,40,15,0.1466666666666666,0.7410853681592587
lff,1,40,20,0.1466666666666666,0.730634534223086
lff,1,40,25,0.1466666666666666,0.7212320598068873
lff,1,40,30,0.1466666666666666,0.7381828365911817
lff,1,40,35,0.1466666666666666,0.7253989322562997
lff,1,40,40,0.4545454545454545,0.7619169497973844
lff,1,40,45,0.4545454545454545,0.8372937247937248
lff,2,40,0,0.0,0.7290471663049032
lff,2,40,5,0.0,0.7273591390830337
lff,2,40,10,0.0,0.7428132301088697
lff,2,40,15,0.1733333333333333,0.7266026465866051
lff,2,40,20,0.1733333333333333,0.7170820272818431
lff,2,40,25,0.1733333333333333,0.721565009083564
lff,2,40,30,0.1733333333333333,0.7403799158496723
lff,2,40,35,0.1733333333333333,0.7219080651354115
lff,2,40,40,0.4141414141414141,0.7613008308117004
lff,2,40,45,0.4141414141414141,0.804481166981167
sd,0,40,0,0.0,0.7527313393833392
sd,0,40,5,0.0,0.7472598014593188
sd,0,40,10,0.2,0.7587685077489007
sd,0,40,15,0.2,0.7531406464832576
sd,0,40,20,0.2857142857142857,0.7488474163153642
sd,0,40,25,0.2857142857142857,0.7371549797984175
sd,0,40,30,0.3866666666666666,0.7542614406508477
sd,0,40,35,0.3866666666666666,0.7505340587209732
sd,0,40,40,0.4666666666666667,0.7758550819148645
sd,0,40,45,0.4848484848484848,0.8444754319754318
sd,1,40,0,0.0,0.759459112644479
sd,1,40,5,0.0,0.7584374320019065
sd,1,40,10,0.0666666666666666,0.770893951504031
sd,1,40,15,0.2533333333333333,0.7655172292008317
sd,1,40,20,0.2533333333333333,0.7592192283686358
sd,1,40,25,0.2533333333333333,0.7504014410558579
sd,1,40,30,0.2533333333333333,0.7572218645180221
sd,1,40,35,0.2533333333333333,0.7518313211383393
sd,1,40,40,0.4242424242424242,0.785905457264153
sd,1,40,45,0.4242424242424242,0.8574864949864949
sd,2,40,0,0.0,0.7606503425279691
sd,2,40,5,0.0,0.76049857635197
sd,2,40,10,0.1333333333333333,0.7682235227498484
sd,2,40,15,0.2698412698412698,0.7575447671396343
sd,2,40,20,0.2698412698412698,0.7522796417010783
sd,2,40,25,0.2698412698412698,0.7480744730678435
sd,2,40,30,0.4,0.7648004508831447
sd,2,40,35,0.4,0.7455789798576018
sd,2,40,40,0.4375,0.7704989716402759
sd,2,40,45,0.4545454545454545,0.8334972897472899
di,0,40,0,0.0,0.5840144131521996
di,0,40,5,0.0,0.6297356401597398
di,0,40,10,0.0,0.6660504123480554
di,0,40,15,0.0,0.6659588646947688
di,0,40,20,0.0,0.6627355787950742
di,0,40,25,0.0,0.6498058313717586
di,0,40,30,0.0,0.6672751389261574
di,0,40,35,0.0,0.6620197858239851
di,0,40,40,0.0,0.5973522099880796
di,0,40,45,0.2564102564102564,0.7284130221630222
di,1,40,0,0.0,0.5928599933932189
di,1,40,5,0.0,0.6351660072785796
di,1,40,10,0.0,0.6607342327086562
di,1,40,15,0.0,0.6334301029924801
di,1,40,20,0.0,0.6133420483808661
di,1,40,25,0.0,0.6606622857021058
di,1,40,30,0.0,0.6329774696009978
di,1,40,35,0.0,0.5789403374164604
di,1,40,40,0.1333333333333333,0.6832986900378205
di,1,40,45,0.4747474747474747,0.73490675990676
di,2,40,0,0.0,0.597091124392313
di,2,40,5,0.0,0.6381157704230735
di,2,40,10,0.0,0.6692067546059552
di,2,40,15,0.0,0.6778419723130256
di,2,40,20,0.0,0.6635767141606832
di,2,40,25,0.0,0.6475861264933138
di,2,40,30,0.0,0.6533890201351534
di,2,40,35,0.0,0.6628211026251495
di,2,40,40,0.0833333333333333,0.6608067677089415
di,2,40,45,0.3333333333333333,0.6726935101935102
bb,0,40,0,0.0,0.7468100600031526
bb,0,40,5,0.0,0.7488900085969331
bb,0,40,10,0.0,0.758471586962447
bb,0,40,15,0.2539682539682539,0.7559884654459401
bb,0,40,20,0.2539682539682539,0.7560628105828172
bb,0,40,25,0.2539682539682539,0.744107237023604
bb,0,40,30,0.2933333333333333,0.7605257185698058
bb,0,40,35,0.2933333333333333,0.7530689909469811
bb,0,40,40,0.45,0.7696113477906954
bb,0,40,45,0.5050505050505051,0.8219801032301032
bb,1,40,0,0.0,0.7496200315145792
bb,1,40,5,0.0,0.7522321350426954
bb,1,40,10,0.0666666666666666,0.7604715135523407
bb,1,40,15,0.1466666666666666,0.7564080690138296
bb,1,40,20,0.1466666666666666,0.7485195455123013
bb,1,40,25,0.1466666666666666,0.7436722577316086
bb,1,40,30,0.1466666666666666,0.7604229308132607
bb,1,40,35,0.1466666666666666,0.7442012488010683
bb,1,40,40,0.4791666666666667,0.7783106959465654
bb,1,40,45,0.5050505050505051,0.8525141525141524
bb,2,40,0,0.0,0.7550364616039396
bb,2,40,5,0.0,0.7528688544332757
bb,2,40,10,0.0666666666666666,0.7662934167217255
bb,2,40,15,0.2222222222222222,0.7549764947539099
bb,2,40,20,0.2222222222222222,0.7483311079239874
bb,2,40,25,0.2352941176470588,0.7415138188795362
bb,2,40,30,0.3125,0.7675630191789515
bb,2,40,35,0.3125,0.755608150251361
bb,2,40,40,0.4666666666666667,0.7916188370807937
bb,2,40,45,0.5151515151515151,0.8376093813593813
end,0,40,0,0.0,0.755658809350549
end,0,40,5,0.0,0.750416324945635
end,0,40,10,0.2,0.7590209095375344
end,0,40,15,0.2352941176470588,0.7505560025314226
end,0,40,20,0.2352941176470588,0.7460015425653782
end,0,40,25,0.2352941176470588,0.7376906088602982
end,0,40,30,0.28,0.7572709615318215
end,0,40,35,0.28,0.7490844837596637
end,0,40,40,0.4646464646464646,0.7807045299708343
end,0,40,45,0.4646464646464646,0.8511853886853886
end,1,40,0,0.0,0.7614831722129631
end,1,40,5,0.0,0.7619334454486375
end,1,40,10,0.0666666666666666,0.7727075315911037
end,1,40,15,0.1733333333333333,0.765964469721609
end,1,40,20,0.1733333333333333,0.7597324680838735
end,1,40,25,0.1733333333333333,0.7500369905311484
end,1,40,30,0.1733333333333333,0.7554970267726022
end,1,40,35,0.1733333333333333,0.7447074298125524
end,1,40,40,0.3939393939393939,0.7783079139057401
end,1,40,45,0.3939393939393939,0.8406003718503718
end,2,40,0,0.0,0.7656264779343197
end,2,40,5,0.0,0.7652619221405061
end,2,40,10,0.1333333333333333,0.7731357408236017
end,2,40,15,0.2222222222222222,0.7594701312702884
end,2,40,20,0.2222222222222222,0.7534369112702982
end,2,40,25,0.2222222222222222,0.7493757447932536
end,2,40,30,0.2933333333333333,0.7621293253289966
end,2,40,35,0.2933333333333333,0.7424469969877672
end,2,40,40,0.4646464646464646,0.7767116377985944
end,2,40,45,0.4646464646464646,0.8214782902282902
groupdro,0,21,0,0.0,0.6740680739752218
groupdro,0,21,5,0.0,0.6780153350818559
groupdro,0,21,10,0.0,0.678438451031092
groupdro,0,21,15,0.0,0.6781319038712005
groupdro,0,21,20,0.0,0.6657761192285003
groupdro,0,21,25,0.0,0.6662413548545855
groupdro,0,21,30,0.2037037037037037,0.7052570456159352
groupdro,0,21,35,0.2037037037037037,0.7086584996900691
groupdro,0,21,40,0.2307692307692307,0.7322399239247065
groupdro,0,21,45,0.2307692307692307,0.7522736522736523
groupdro,1,21,0,0.0,0.6763602478811508
groupdro,1,21,5,0.0,0.6817235960379411
groupdro,1,21,10,0.0,0.6888367954687264
groupdro,1,21,15,0.0333333333333333,0.6805028169703083
groupdro,1,21,20,0.0333333333333333,0.6692126377318001
groupdro,1,21,25,0.037037037037037,0.66750356508495
groupdro,1,21,30,0.1025641025641025,0.6835952534525693
groupdro,1,21,35,0.1025641025641025,0.6968858096507293
groupdro,1,21,40,0.1025641025641025,0.7175266339940254
groupdro,1,21,45,0.1025641025641025,0.7537268287268286
groupdro,2,21,0,0.0,0.6949193270477655
groupdro,2,21,5,0.0,0.6913371078448891
groupdro,2,21,10,0.0,0.7006827042840404
groupdro,2,21,15,0.1666666666666666,0.6970310723634959
groupdro,2,21,20,0.1666666666666666,0.6857867826339364
groupdro,2,21,25,0.1794871794871795,0.6819645755500255
groupdro,2,21,30,0.1794871794871795,0.7086651639192438
groupdro,2,21,35,0.1794871794871795,0.7247902665747181
groupdro,2,21,40,0.1794871794871795,0.7409933987107901
groupdro,2,21,45,0.1794871794871795,0.7837826525326526
